Token,Length,Frequency
№,1,403
эр,2,129
я,1,117
ш,1,104
фр,2,60
ртю,3,34
т,1,29
шыш,3,28
шьр,3,27
їютхъ,5,27
зыхэ,4,26
чр,2,23
Bёхъш,5,23
ё,1,22
ђ,1,22
ёх,2,21
сњфх,4,18
х,1,18
џстр,4,17
юђ,2,16
фњ,2,11
эх,2,11
р,1,11
їх,2,10
ртр,3,10
ёш,2,9
ёђ,2,9
ётюсюфр,7,8
ї,1,8
хфтшф,5,8
хч,2,8
юс,2,8
схч,3,8
яю,2,8
їютхър,6,7
ьѓ,2,7
ф,1,7
тёшїъш,6,7
ъњь,3,7
тчх,3,7
Ърђю,4,7
Hшъющ,5,7
у,1,7
ъръђю,5,7
хљѓ,3,6
ртрђр,5,6
с,1,6
рчютрэшх,8,6
ётюџђр,6,6
чръюэр,6,6
ђрчш,4,6
ртэш,4,5
чрљшђр,6,5
юёшуѓ,5,5
эхуютюђю,8,5
ђютр,4,5
ёр,2,5
ѓуш,3,5
эхуютрђр,8,5
хёђњяыхэшх,10,5
ётюсюфш,7,5
чръ,3,5
ъюхђю,5,5
фшёъ,4,4
ъющђю,5,4
Bёшїъш,6,4
O,1,4
рішџ,4,4
ёя,2,4
рэр,3,4
ьш,2,4
юфшђх,5,4
ђрър,4,4
ьхцфѓэр,7,4
ртюђю,5,4
шыр,3,4
юсљхёђтюђю,10,4
эрішш,5,4
рър,3,4
ѕю,2,4
эхюсѕюфшью,10,4
шьрђ,4,4
фю,2,4
урэшчрішџђр,11,4
Oсхфшэхэшђх,11,4
ѓсхцфхэшџђр,11,3
ђх,2,3
ърътрђю,7,3
яюфырурэ,8,3
цртр,4,3
хышушџђр,8,3
хфёђтр,6,3
сњфрђ,5,3
эхую,4,3
црэх,4,3
ърђю,4,3
ђњ,2,3
фюс,3,3
шьшэрішџ,8,3
хьх,3,3
Фхъыр,5,3
юёњљхёђтџтрэх,13,3
ьюцх,4,3
юёэютрэш,8,3
хф,2,3
тёхюсљю,7,3
тъыўїшђхыэю,11,3
фюёђющэёђтю,11,3
ъюурђю,6,3
ю,1,3
хфэрътр,7,3
эрішюэрыэш,10,3
шђю,3,3
юу,2,3
схчя,4,2
ртэю,4,2
ёшуѓ,4,2
эрьш,4,2
эшђю,4,2
хэш,3,2
рсюђшір,7,2
ѓёыютшџ,7,2
эшърътш,7,2
яюычѓтрђ,8,2
ѓф,2,2
тр,2,2
ў,1,2
тњчэру,6,2
рцфхэшх,7,2
рчютрэшхђю,10,2
рчуыхцфрэх,10,2
юёђ,3,2
эрщ,3,2
ях,2,2
рцфрэёђтю,9,2
юфш,3,2
ёњюђтхђёђтшх,12,2
цхэшђх,6,2
їыхэъш,6,2
ёюішрыэр,8,2
ёхьхщёђтюђю,11,2
хєхъђштэю,9,2
ђхѕэшђх,7,2
шэфштшфѓрыэю,12,2
љх,2,2
ышјхэ,5,2
яюёхурђхыёђтр,13,2
цштюђ,5,2
ёф,2,2
ърътюђю,7,2
ёњђ,3,2
хьџђ,4,2
ётюшђх,6,2
шчсю,4,2
рэш,3,2
рэх,3,2
шчтњ,4,2
ётюхђю,6,2
ртхфыштю,8,2
рчсш,4,2
тёхъш,5,2
эхюсѕюфшьш,10,2
юёэютрђр,8,2
шцш,3,2
рчтшђшх,7,2
ётюсюфэш,8,2
цртшђх,6,2
ёњтхёђђр,8,2
фюёђющэёђтюђю,13,2
ётюсюфрђр,9,2
яѓсышїэю,8,2
Tх,2,2
хышушџ,6,2
рэшџ,4,2
ётюсюфэю,8,2
яюффњ,5,2
ышїэюёђ,7,2
шч,2,2
шчэртрэх,8,2
юёэютэш,7,2
рёр,3,2
эхуютшђх,8,2
цртрђр,6,2
ьхцфѓ,5,2
рчышїшџ,7,2
яюф,3,2
шэѓцфртрэ,9,2
ъюџђю,5,2
Тёхъш,5,2
ѓфэшїхёђтю,10,2
юёэютэшђх,9,2
ѓую,3,2
чрїшђрэх,8,2
ёьхэш,5,2
яњыэю,5,2
ђхчш,4,2
эш,2,2
сшыю,4,2
їютхјърђр,9,2
ѓїрёђтр,7,2
юуыхф,5,2
тёџър,5,2
Oс,2,2
юшчтюыэю,8,2
ртэшљх,6,2
эрърчрэшх,9,2
цшчэхэю,7,2
ёхьхщёђтю,9,2
тъыўїтр,7,2
эрьхёр,6,2
црэ,3,1
љю,2,1
хфшэ,4,1
рёютш,5,1
чрфњыцшђхыэю,12,1
їыхэютх,7,1
хутрэхђю,8,1
хёяюэфхэішџђр,13,1
юшчѕюф,6,1
хьхђю,5,1
ёюішрыэш,8,1
Tю,2,1
эхтшэхэ,7,1
шфтшцтр,7,1
їртр,4,1
ртхэ,4,1
фюърчтрэх,9,1
ышјртрэх,8,1
рэшіш,5,1
њљр,3,1
фх,2,1
ёїшђрэ,6,1
ђџѕэр,5,1
ышїэр,5,1
фхщёђтшђхыэюђю,14,1
ѓфш,3,1
шџђхыёъш,8,1
ёѓтх,4,1
ѓэшчшђхыэю,10,1
тёџъю,5,1
эрфр,4,1
чрфютюышђхыэю,13,1
ъюшђю,5,1
ёњтхёђ,6,1
рэшїхэшх,8,1
шђѓрыш,6,1
рчџтрэхђю,9,1
ръю,3,1
сх,2,1
шэтрышфэюёђ,11,1
рэішш,5,1
рэшџђр,6,1
хфш,3,1
їрёђэю,6,1
хышушючэш,9,1
їютхјъшџ,8,1
рђёђтю,6,1
шчсш,4,1
ётюсюфэюђю,10,1
шэішяшђх,8,1
ёюсёђтхэюёђ.,12,1
рсюђр,5,1
хѕ,2,1
яњыэюђю,7,1
хёђ,3,1
ёъыўїрђ,7,1
уютшџђр,7,1
яюы,3,1
ъю,2,1
џтрљр,5,1
ёњюђтхђёђтѓтрљю,15,1
шђхђ,4,1
хчшъ,4,1
ёыхфтр,6,1
шчуэрэшх,8,1
ёњљю,4,1
Bюыџђр,6,1
эхуютш,6,1
шэєю,4,1
хфтшфхэю,8,1
шчтњэ,5,1
ёшђх,4,1
тюыџ,4,1
ёњчфртрэхђю,11,1
ъюэёђшђѓішџђр,13,1
сыруюя,6,1
шю,2,1
хфџтхэю,7,1
яюышђшїхёъш,11,1
эџьр,4,1
юђэрёџ,6,1
фхірђр,6,1
эрёњ,4,1
тњт,3,1
ёњтьхёђэю,9,1
юфэшџ,5,1
эхчртшёшь,9,1
эрішюэрыэюёђ,12,1
эрырурэю,8,1
ртхфыштюёђђр,12,1
шюфшїхэ,7,1
яюыѓїш,6,1
ышјхэшџ,7,1
шюфшїэш,7,1
ёюішрыэшђх,10,1
ёрью,4,1
ёыѓїрщ,6,1
ёюірыэр,7,1
ъш,2,1
тёшїъшђх,8,1
юшчтюыхэ,8,1
ёњуырішх,8,1
эхёрьюѓя,8,1
яюыюцхэшх,9,1
рцфрђ,5,1
юђърчрэю,8,1
фхџэшџ,6,1
яюёыхфютрђхыэш,14,1
фхщёђтшх,8,1
яњыэюыхђшх,10,1
яюђтњ,5,1
їютхјъюђю,9,1
ітџђ,4,1
фрфхэю,6,1
рчђ,3,1
шчяютџфтр,9,1
шёфшъішш,8,1
яю-ђхцъю,8,1
ющёђтюђю,8,1
эхяюышђшїхёъю,13,1
шёњљю,5,1
шфњ,3,1
юсёђтю,6,1
хїш,3,1
ѓёђ,3,1
юётхђр,6,1
шчэрђш,6,1
тџ,2,1
ёњёђртыџтрыю,12,1
ѓцхэшџ.,7,1
ртэюёђющэр,10,1
хёѓ,3,1
юёэютр,6,1
цртэшђх,7,1
ъњфхђю,6,1
фхыю,4,1
схчяырђэю,9,1
фхщёђтшџ,8,1
ёђр,3,1
юшчтюыэр,8,1
ъ,1,1
ѓјртрљш,7,1
юутрэх,6,1
ьрішџ,5,1
шьюёђђр,7,1
шэђх,4,1
ёъыўїтрэх,9,1
ёњфхщёђтр,9,1
ртхфыштш,8,1
шчс,3,1
ъюцрђр,6,1
ртшхђю,6,1
рэрђр,5,1
тшэр,4,1
фхщэюёђђр,9,1
Tрчш,4,1
шчѕюф,5,1
юёњфхэ,6,1
эрішюэрыхэ,10,1
чф,2,1
уюыџью,6,1
ртх,3,1
ёњя,3,1
ърътшђю,7,1
юфхэш,5,1
ьх,2,1
ртюёѓсхъђэюёђ.,14,1
іхышђх,6,1
хфёђртшђхыш,11,1
цртэш,5,1
ьрђх,4,1
яюфяюьрурэх,11,1
CкСаAЭШE,8,1
юёэютэюђю,9,1
рэхэш,5,1
ртхэёђтю,8,1
ёъыўїтр,7,1
Pюфшђхышђх,10,1
ѓтрцхэшх,8,1
ёыѓїрш,6,1
рђр,3,1
Эшъющ,5,1
яюыѓїртр,8,1
фхъыр,5,1
хьхц,4,1
урэ,3,1
юсџтшѕр,7,1
ѓсхцфхэшџ,9,1
юсёыѓцтрэх,10,1
яюёыхфхэ,8,1
цшышљх,6,1
фюяѓёърђ,8,1
эхюђьхэшьш,10,1
рцфрэёђтюђю,11,1
ѓя,2,1
шчђхчрэшџ,9,1
юсш,3,1
хёюѕр,5,1
ёњљхёђтѓтрэх,12,1
хфњъ,4,1
ръ,2,1
хэхс,4,1
ур,2,1
ьхёђюцшђхыёђтю,14,1
яюфюсэр,7,1
уырёѓтрэх,9,1
ёњс,3,1
сшыш,4,1
яюїштър,7,1
юстшэхэшх,9,1
рчѓьэю,6,1
ъыхђър,6,1
юєхёшюэрыэюђю,13,1
сњфхљшђх,8,1
яюычтрэю,8,1
ѓцхэшх,6,1
сюыхёђ,6,1
Tющ,3,1
ютхэшџ,6,1
юіхфѓ,5,1
хђш,3,1
тњчуыхфш,8,1
юђяѓёъ,6,1
ъюьяхђхэђэшђх,13,1
шџђхыёђтюђю,11,1
їыхэѓтр,7,1
рчтшђшхђю,9,1
шџ,2,1
юёэютэр,7,1
ѓёшышџ,6,1
юстшэхэ,7,1
шь,2,1
яырђхэ,6,1
ѓтрцхэшхђю,10,1
ёњюђтхђэрђр,11,1
шьрщъш,6,1
ёњё,3,1
ёяюёюсэюёђш,11,1
ёыютюђю,7,1
яюышђшїхёъшџ,12,1
ђњя,3,1
юіхё,4,1
юђэюјхэшџ,9,1
яюычтрђ,7,1
яюёђюџээю,9,1
ьшёњыђр,7,1
сѓэђ,4,1
ютњчуырёџтр,11,1
эхїютхјъю,9,1
шыџэш,5,1
юђэрёџђ,7,1
юфэю,4,1
фютхфюѕр,8,1
ёярчтрэх,8,1
ютфютџтрэх,10,1
шшђх,4,1
ёњъ,3,1
цхёђюъю,7,1
эрёюїхэю,8,1
юсљхёђтхэшђх,12,1
цртш,4,1
шёђ,3,1
Тёхюсљр,7,1
їхёђ,4,1
эюёђ.,5,1
ТбEOСйA,7,1
зOТEЪA,6,1
яюђ,3,1
эрърчрђхыэю,11,1
яюфыюцхэр,9,1
фхџэшх,6,1
шфхш,4,1
яюёђшурэхђю,11,1
хфёђртыџтр,10,1
Tютр,4,1
тырёђђр,7,1
хјшьюёђ,7,1
эрішюэрыэюђю,12,1
юфэюђю,6,1
Hх,2,1
сюуюёыѓцхэшх,12,1
ЧA,2,1
шэрфыхцш,8,1
џтрэх,5,1
Hрїрыэюђю,9,1
юсыхъыю,7,1
хэшђхђр,7,1
юсљюфюёђњяэш,12,1
ѓяш,3,1
хёђхёђтхэр,10,1
рфтрђ,5,1
ёђрђѓђ,6,1
рљш,3,1
тњ,2,1
юф,2,1
ёыѓцсш,6,1
чрcшытрэх,9,1
ышїэюёђ.,8,1
јшыш,4,1
юсљхёђтхэю,10,1
юђштю,5,1
чрс,3,1
шрыэю,5,1
юсљр,4,1
юёэютрэшх,9,1
шёфшъішџ.,9,1
фѓѕ,3,1
чрфњыцшѕр,9,1
ёъш,3,1
ЭA,2,1
рэшїртрэх,9,1
яряѓёэх,7,1
фхщёђтшђхыэш,12,1
ьхфшішэёъю,10,1
тњёђрэютџтрэх,13,1
ёњф,3,1
ьюьхэђр,7,1
хёш,3,1
яюёђшуэрђ,9,1
яюфсѓцфрэх,10,1
ФEЪЫAаAжШп,10,1
їыхэ,4,1
хёыхфтрэх,9,1
рчя,3,1
уырёѓтрэхђю,11,1
Tхѕэшїхёъюђю,12,1
яюэх,4,1
џђ,2,1
рчѓтрђ,6,1
ѕy,2,1
ртыџтрљр,8,1
ёњўчш,5,1
фюяњыэхэю,9,1
рђхыёђтюђю,10,1
ђш,2,1
юєхёшюэрыэш,11,1
юфр,3,1
эріњ,4,1
ёњюђтхђэюђю,11,1
ѓчш,3,1
ър,2,1
ышїэшџ,6,1
ѓфр,3,1
хфхышђх,7,1
рчџтр,5,1
іџыюёђэю,8,1
јтрэхђю,7,1
яюђшёэшїхёђтюђю,15,1
ёюсёђтхэюёђ,11,1
ютюыэюђю,8,1
юфэш,4,1
шьх,3,1
эхѓтрцртрэхђю,13,1
ьџ,2,1
яюяхїшђхыёђтю,13,1
ЯаEAЬСоЫ,8,1
ръњђ,4,1
џъю,3,1
фхір,4,1
ђючш,4,1
тшёјхђю,7,1
эхюсѕюфшьшђх,12,1
ёюішрыхэ,8,1
ышір,4,1
фшѕр,4,1
Oётхэ,5,1
чэрїхэшх,8,1
ётџђ,4,1
ѓсхцфхэшх,9,1
ѓї,2,1
хёыхфтрэ,8,1
чрфњыцхэшџ,10,1
ртэюя,5,1
рсюђэюђю,8,1
ђрщэю,5,1
юсљхёђтхэшџ,11,1
ёђющэюёђђр,10,1
чрфњ,4,1
шьшэрішџ.,9,1
шџђр,4,1
эхчртшёшьр,10,1
цшышљхђю,8,1
юсёђтюђю,8,1
хяюёђэшїхёђтю,13,1
юсѓїхэшх,8,1
уюыџьр,6,1
юёюсхэш,7,1
шџђэш,5,1
рэџтр,5,1
ѓјртрљр,7,1
эртњ,4,1
їртрђ,5,1
шсџутр,6,1
эюёђ,4,1
ѓсхцшљх,7,1
ютњчуырёхэш,11,1
фрыш,4,1
ёњљхёђтѓтрэшх,13,1
хяџђёђтхэю,10,1
шъюэюьшїхёъшђх,14,1
цр,2,1
гёђртр,6,1
ртшђхыёђтюђю,12,1
ъюыхъђштэю,10,1
ЯаAТAвA,7,1
яѓсышїхэ,8,1
Сњ,2,1
ртыхэшхђю,9,1
рэшїхэшџ,8,1
фюёђњя,6,1
юсхђ,4,1
ёњфхщёђтрђ,10,1
ъѓыђѓ,5,1
Mрщъшђх,7,1
OСйOвO,6,1
ьњцхђх,6,1
эрїрыэюђю,9,1
эря,3,1
юэютр,5,1
Mњцхђх,6,1
эхчртшёхљш,10,1
юђфшѕ,5,1
ютњчуырёхэю,11,1
сыруюёњёђюџэшх,14,1
хфџтр,5,1
єю,2,1
ѓёђрэютџтрэх,12,1
рёђхэ,5,1
јхэю,4,1
ђџѕэюђю,7,1
ётюсюфхэ,8,1
яюьхцфѓ,7,1
рчѓь,4,1
їютхїхёђтюђю,12,1
рѕ,2,1
шчэртрэхђю,10,1
ётхђр,5,1
шїшэш,5,1
фюёђњяэю,8,1
юсљюђю,6,1
хфэрътю,7,1
схчфхщёђтшх,11,1
Cхьхщёђтюђю,11,1
