Token,Length,Frequency
ve,2,84
bir,3,30
Madde,5,29
veya,4,27
vardır,6,18
hakkı,5,17
Her,3,15
1.,2,13
haizdir,7,13
2.,2,13
her,3,11
hakkını,7,11
olarak,6,10
şahsın,6,9
karşı,5,9
için,4,9
Herkes,6,8
ile,3,8
kimse,5,8
eşit,4,8
bu,2,8
Hiç,3,8
bütün,5,7
sosyal,6,7
haklarının,10,6
tam,3,6
Herkesin,8,6
milli,5,5
insan,5,5
herhangi,8,5
türlü,5,5
din,3,5
serbestçe,9,5
Birleşmiş,9,5
milletlerarası,14,5
şahıs,5,5
daha,4,4
etmek,5,4
işbu,4,4
ilan,4,4
kamu,4,4
hak,3,4
hakkına,7,4
Milletler,9,4
olan,4,4
keyfi,5,4
açık,4,4
ana,3,4
öğretim,7,4
3.,2,4
şekilde,7,4
etmiş,5,3
hürriyetlerine,14,3
herkes,6,3
yoluyla,7,3
ırk,3,3
haklar,6,3
içinde,6,3
adil,4,3
mahrum,6,3
ancak,5,3
İnsan,5,3
göre,4,3
eşitlikle,9,3
haysiyet,8,3
hiçbir,6,3
istifade,8,3
ferdin,6,3
olmak,5,3
şahsiyetinin,12,3
olsun,5,3
bulunmasına,11,3
tarafından,10,3
memleket,8,3
özel,4,3
erkek,5,3
tabi,4,3
bakımından,10,3
Bu,2,3
kendisine,9,3
uyruğu,6,3
edilemez,8,3
olmasına,8,3
tanınması,9,3
aykırı,6,3
diğer,5,3
memleketi,9,2
teşvik,6,2
fikir,5,2
insanlık,8,2
surette,7,2
hakların,8,2
zaruret,7,2
devletlerin,11,2
elverişli,9,2
derneğe,7,2
altında,7,2
amacıyla,8,2
olmalarına,10,2
temel,5,2
gerekse,7,2
saygı,5,2
haklarına,9,2
son,3,2
görmek,6,2
gerekli,7,2
ayırdedici,10,2
hakları,7,2
yapılacak,9,2
başına,6,2
sırada,6,2
Ana,3,2
dahil,5,2
hayat,5,2
serbest,7,2
olmaksızın,10,2
eğitim,6,2
dışında,7,2
arasında,8,2
mal,3,2
katılmak,8,2
bağımsız,8,2
kanun,5,2
sağlayacak,10,2
hürriyetlerinin,15,2
memleketin,10,2
Öğretim,7,2
güvenliğe,9,2
içerir,6,2
kölelik,7,2
evlilik,7,2
cemiyetin,9,2
gerçekten,9,2
uyrukluk,8,2
korunmaya,9,2
hürriyetlerin,13,2
başka,5,2
ücrete,6,2
çalışma,7,2
değiştirmek,11,2
hürriyet,8,2
sürülemez,9,2
ahalisi,7,2
edecek,6,2
hukuk,5,2
İnsanlık,8,2
kültürel,8,2
tek,3,2
iradesi,7,2
fark,4,2
zulüm,5,2
gerek,5,2
Beyannamede,11,2
devletin,8,2
milletler,9,2
gelişmesi,9,2
aynı,4,2
ötürü,5,2
muamelelere,11,2
uygun,5,2
ailesi,6,2
işbirliği,9,2
tecavüzlere,11,2
sınırları,9,2
mülteci,7,2
gayret,6,2
bulunduğu,9,2
Bütün,5,2
kadın,5,2
bulunan,7,2
siyasi,6,2
gözetilmeksizin,15,2
esaslı,6,2
genel,5,2
kurmaya,7,2
bunlara,7,2
suç,3,2
hürriyetine,11,2
söz,3,1
kanunen,7,1
uyrukluğundan,13,1
mesken,6,1
kayıtlamasına,13,1
koruma,6,1
seçmek,6,1
karışma,7,1
tatbikini,9,1
köle,4,1
düzeninin,9,1
Akıl,4,1
ücretli,7,1
türünü,6,1
izhar,5,1
dostça,6,1
seviyesine,10,1
dürüst,6,1
sahip,5,1
faydalanmak,11,1
fertleriyle,11,1
üyesi,5,1
de,2,1
safhalarında,12,1
altındaki,9,1
Kurulu,6,1
olursa,6,1
şekliyle,8,1
verilecek,9,1
ilim,4,1
İnsanin,7,1
üzere,5,1
bizzat,6,1
karar,5,1
tespit,6,1
faaliyetine,11,1
doğarlar,8,1
verecek,7,1
giyim,5,1
etmez,5,1
refahını,8,1
tanınan,7,1
tarafsız,8,1
rahatsız,8,1
görevleri,9,1
yiyecek,7,1
nerede,6,1
beyan,5,1
etmelidirler,12,1
Halkın,6,1
dünya,5,1
mecburidir,10,1
olmaya,6,1
içtimai,7,1
vasıta,6,1
derpiş,6,1
taahhüt,7,1
dernek,6,1
edilir,6,1
Bir,3,1
kurtulmuş,9,1
edilmesini,10,1
geliştirmelidir,15,1
geliştirmeye,12,1
herkesçe,8,1
verdiklerini,12,1
idamesi,7,1
kendi,5,1
manevi,6,1
maliktir,8,1
edebiyat,8,1
serbestliği,11,1
maruz,5,1
gözetilmeyecektir,17,1
Uluslararasında,15,1
geçim,5,1
olmazsa,7,1
demokratik,10,1
vicdan,6,1
isnadın,7,1
adi,3,1
parasızdır,10,1
hususlarında,12,1
ailesinin,9,1
vicdanını,9,1
servet,6,1
korunmadan,10,1
girme,5,1
etmeli,6,1
barışın,7,1
irade,5,1
çalışan,7,1
bırakacak,9,1
korunmasına,11,1
korunmak,8,1
ayaklanmaya,11,1
kere,4,1
müddetinin,10,1
gereğince,9,1
açıklamak,9,1
iş,2,1
faydalanırlar,13,1
vasıtalarıyla,13,1
cezadan,7,1
sağlamaya,9,1
nizama,6,1
sanık,5,1
birbirlerine,12,1
dahilinde,9,1
edebilir,8,1
hürriyetini,11,1
yönetimine,10,1
çalışmalarını,13,1
kovuşturmalar,13,1
Evlilik,7,1
masum,5,1
uyrukluğunu,11,1
mülkünden,9,1
gerçekleştirilmesine,20,1
işsizlikten,11,1
edebilmelidir,13,1
tıbbi,5,1
görülmesi,9,1
olduğu,6,1
bulundurulamaz,14,1
muadil,6,1
vicdana,7,1
bunların,8,1
karşılığında,12,1
Bunun,5,1
yaymak,6,1
tamamlanan,10,1
Teşkilatı,9,1
Milletlerin,11,1
hakkında,8,1
şahsının,8,1
haysiyetin,10,1
Yüksek,6,1
hakkıdır,8,1
kanunun,7,1
kimsenin,8,1
kanaat,6,1
hareket,7,1
sendikalar,10,1
almalıdır,9,1
hor,3,1
taahhüdün,9,1
tekmil,6,1
kişiliğinin,11,1
edilen,6,1
üye,3,1
bırakılamaz,11,1
işkenceye,9,1
kadınların,10,1
ticareti,8,1
önünde,6,1
önemli,6,1
tatillere,9,1
ermesinde,9,1
böyle,5,1
gayri,5,1
zorlanamaz,10,1
topluluğunun,12,1
cemiyet,7,1
suçun,5,1
rızasıyla,9,1
devri,5,1
topluluğa,9,1
doğruya,7,1
dünyaca,7,1
yapılır,7,1
çocuklarına,11,1
4.,2,1
ceza,4,1
ihmallerden,11,1
kullanılmasında,15,1
doğsunlar,9,1
topluluğun,10,1
korumasından,12,1
muhtar,6,1
şartları,8,1
korunma,7,1
başkalarının,12,1
bilhassa,8,1
kırıcı,6,1
sevkeden,8,1
ekonomik,8,1
gibi,4,1
dolaşma,7,1
Üye,3,1
terketmek,9,1
dünyanın,8,1
edilmiş,7,1
Yaşamak,7,1
renk,4,1
çalışmaya,9,1
topluluk,8,1
suçlu,5,1
dinlenmeye,10,1
müracaat,8,1
otoritesinin,12,1
ortak,5,1
evlenmek,8,1
devlet,6,1
dil,3,1
gözönünde,9,1
amaçlarına,10,1
başkalarıyla,12,1
edilmedikçe,11,1
edilmemek,9,1
usul,4,1
talep,5,1
işlendikleri,12,1
mülk,4,1
fikirlerinden,13,1
korunmasi,9,1
hoşgörü,7,1
zaruri,6,1
yarattığı,9,1
halinde,7,1
tutuklanamaz,12,1
öğretimden,10,1
gittikçe,8,1
haklara,7,1
fiilen,6,1
tertibatın,10,1
hizmetlerine,12,1
gösterilmesi,12,1
dulluk,6,1
şartlarına,10,1
seçmeye,7,1
amaçları,8,1
imkânlarından,13,1
temin,5,1
anlaşılmasının,14,1
ileri,5,1
elde,4,1
beyannameyi,11,1
memleketlerden,14,1
yaşayış,7,1
liyakatlerine,13,1
fiillerden,10,1
maddi,5,1
statüsü,7,1
etmenin,7,1
sona,4,1
Evrensel,8,1
etmeyen,7,1
muamele,7,1
hukuka,6,1
bulunmalarına,13,1
mahkum,6,1
memleketine,11,1
hürriyetin,10,1
verme,5,1
yargılama,9,1
tutarak,7,1
yolundaki,9,1
yüksek,6,1
müstenit,8,1
mevzubahis,10,1
hukuki,6,1
sanat,5,1
insanların,10,1
hakl,4,1
toplanma,8,1
yazışması,9,1
yerleşme,8,1
saygıyı,7,1
uygulanabilecek,15,1
olacakları,10,1
çağına,6,1
dostluğu,8,1
doğuş,5,1
serbestisine,12,1
Beyannameye,11,1
refahın,7,1
rejimi,6,1
olmuş,5,1
eşlerin,7,1
güzel,5,1
İlk,3,1
tutulamaz,9,1
eder,4,1
evlenme,7,1
insanın,7,1
ayrılık,7,1
sahiptir,8,1
ayinlerle,9,1
hakkından,9,1
kulluk,6,1
memleketler,11,1
vahşiliklere,12,1
fikirlerini,11,1
sair,4,1
Genel,5,1
esasıdır,8,1
cinsiyet,8,1
mümkündür,9,1
işsizlik,8,1
hizmetler,9,1
ülkeler,7,1
menşe,5,1
vasıtasıyla,11,1
tespitinde,10,1
Evlenme,7,1
kabul,5,1
baskıya,7,1
şeref,5,1
unsurudur,9,1
cereyan,7,1
eşitliğine,10,1
temeli,6,1
işini,5,1
kısıtlamaya,11,1
üyelerinde,10,1
karışmalara,11,1
ideal,5,1
ulaşılacak,10,1
gerekirse,9,1
sağlığı,7,1
en,2,1
eserlerinden,12,1
öncelikle,9,1
akide,5,1
malümat,7,1
Hakları,7,1
kendisi,7,1
devrelerde,10,1
meskeni,7,1
sınırlandırılmasına,19,1
aramak,6,1
ilk,3,1
eşittir,7,1
farksız,7,1
ahlâkın,7,1
doğrudan,8,1
baba,4,1
bakım,5,1
iyi,3,1
itibariyle,10,1
ailesine,8,1
iştirak,7,1
sahiptirler,11,1
inanma,6,1
süresince,9,1
dinini,6,1
çocuk,5,1
fiilli,6,1
olmalıdır,9,1
fikirleri,9,1
cürüme,6,1
vesayet,7,1
Kanun,5,1
ihtiyarlık,10,1
hür,3,1
artan,5,1
kabulü,6,1
bundan,6,1
korunmasının,12,1
hususunun,9,1
zihniyeti,9,1
mahkemelere,11,1
sahibi,6,1
anlayış,7,1
sağlayan,8,1
tabii,5,1
emniyeti,8,1
ilişkiler,9,1
prensip,7,1
temsilciler,11,1
teminini,8,1
mütenasip,9,1
yerine,6,1
da,2,1
seçimlerle,10,1
kişi,4,1
faaliyetlere,12,1
davasının,9,1
hedef,5,1
kardeşlik,9,1
olunan,6,1
ederek,6,1
katılmaya,9,1
Önsöz,5,1
anayasa,7,1
dönmek,6,1
sakatlık,8,1
varan,5,1
derece,6,1
herkese,7,1
konusunda,9,1
makul,5,1
öğrenim,7,1
menfaatlerin,12,1
daima,5,1
ülke,4,1
Öğrenim,7,1
beyannamesi,11,1
sahasındaki,11,1
muayyen,7,1
müstakbel,9,1
mütevellit,10,1
hiç,3,1
topluca,7,1
zalimane,8,1
mesleki,7,1
ifade,5,1
Beyannamesini,13,1
gayriinsani,11,1
devletler,9,1
bilim,5,1
işlendiği,9,1
kaynaklarıyla,13,1
Antlaşmada,10,1
karşısında,10,1
egemenlik,9,1
kurma,5,1
birlikte,8,1
cezalara,8,1
sayılır,7,1
kuvvetlenmesini,15,1
mecbur,6,1
menfaatlerinin,14,1
barışının,9,1
ilerleyişe,10,1
tanınmaması,11,1
eğlenmeye,9,1
haklarıyla,10,1
görülmesinin,12,1
verilemez,9,1
hürriyetlerden,14,1
değerine,8,1
tedbirlerle,11,1
hürriyeti,9,1
evrensel,8,1
kanaatini,9,1
halklar,7,1
getirilmesi,11,1
seçilmiş,8,1
içerisinde,10,1
hallerde,8,1
insanlar,8,1
işlemekten,10,1
sağlanmış,9,1
haysiyeti,9,1
geniş,5,1
cemiyette,9,1
gösterilmesinin,15,1
çare,4,1
muamelesi,9,1
dünyada,7,1
akdi,4,1
tatmak,6,1
teşkil,6,1
halklarının,11,1
isyana,6,1
imanlarını,10,1
hastalık,8,1
dehşetten,9,1
devir,5,1
şöhretine,9,1
şiddetli,8,1
haizdirler,10,1
tanınmasını,11,1
sadece,6,1
katılma,7,1
uzuvlarının,11,1
yoksulluktan,12,1
mensup,6,1
saygının,8,1
kışkırtmaya,11,1
aile,4,1
işleri,6,1
mahkeme,7,1
idaresi,7,1
kurmak,6,1
evliliğin,9,1
Aile,4,1
kalmaması,9,1
sanatları,9,1
netice,6,1
tatbik,6,1
sebep,5,1
mahiyette,9,1
Teknik,6,1
ülkenin,7,1
kurulması,9,1
gizli,5,1
yardım,6,1
geliştirilmesini,16,1
mualeleye,9,1
yasaktır,8,1
savunması,9,1
yukarıdaki,10,1
ibadet,6,1
oy,2,1
tatbikat,8,1
hayatı,6,1
ihtimam,7,1
adaletin,8,1
cezai,5,1
saldırısız,10,1
alıkonulanamaz,14,1
haysiyetine,11,1
hürriyetlere,12,1
çocuklar,8,1
kolaylaştırmaya,15,1
grupları,8,1
oralak,6,1
haklardan,9,1
etmeleri,8,1
gelişmesini,11,1
Bundan,6,1
teşkilatı,9,1
ilerlemeyi,10,1
kendine,7,1
vecibelerinin,13,1
