Token,Length,Frequency
ja,2,89
on,2,53
õigus,5,33
või,3,30
Igal,4,28
Artikkel,8,28
inimesel,8,25
ei,2,16
oma,3,14
ning,4,12
et,2,12
mis,3,10
peab,4,10
tema,4,9
silmas,6,8
nende,5,7
kaasa,5,7
pidades,7,7
eest,4,6
kui,3,6
olema,5,6
õiguste,7,6
kus,3,5
kaitsele,8,5
ka,2,5
vabalt,6,5
seaduse,7,5
ükskõik,7,5
meelevaldselt,13,5
võtta,5,4
kaudu,5,4
tohi,4,4
riigi,5,4
vabadust,8,4
see,3,4
Kedagi,6,4
ühiskonna,9,4
ilma,4,3
aitama,6,3
sellele,7,3
vabaduse,8,3
sotsiaalsele,12,3
vabadusele,10,3
õigused,7,3
nii,3,3
kasutada,8,3
rahvaste,8,3
Haridus,7,3
veendumuste,11,3
ajal,4,3
olenemata,9,3
Ühinenud,8,3
temale,6,3
pidada,6,3
ta,2,3
kõik,4,3
kaitseks,8,3
võrdsele,8,3
mida,4,3
korral,6,3
usku,4,3
vahel,5,3
teistes,7,2
võrdsuse,8,2
üldise,6,2
õiguse,6,2
sotsiaalne,10,2
ära,3,2
iga,3,2
inimeste,8,2
inimisiksuse,12,2
arvatud,7,2
tööpuuduse,10,2
õigluse,7,2
deklaratsiooniga,16,2
kõigi,5,2
Kelleltki,9,2
kinni,5,2
vastuolus,9,2
kohustuste,10,2
suhtes,6,2
üksikult,8,2
veendumusi,10,2
kuulutatud,10,2
õigust,6,2
ees,3,2
igasuguste,10,2
Kõik,4,2
tahe,4,2
mõnel,5,2
peavad,6,2
kindlustatusele,15,2
inimene,7,2
aidata,6,2
võrdse,6,2
rahvusvahelise,14,2
kätkeb,6,2
läbi,4,2
arendamisele,12,2
avalikult,9,2
selle,5,2
maa,3,2
põhjal,6,2
mille,5,2
sõltumatu,9,2
tagatud,7,2
nad,3,2
võrdselt,8,2
austamisele,11,2
töö,3,2
Rahvaste,8,2
vastavalt,9,2
Kellegi,7,2
rahvuslike,10,2
abinõudega,10,2
kuriteos,8,2
karistust,9,2
väärikuse,9,2
varjupaika,10,2
Organisatsiooni,15,2
inimestel,9,2
osa,3,2
kõigile,7,2
sellisele,9,2
inimõiguste,11,2
oleks,5,2
inimesed,8,2
abielu,6,2
käesoleva,9,2
siis,4,2
poolt,5,2
progressi,9,2
vabadused,9,2
hääletamise,11,2
inimesle,8,2
inimkonna,9,2
rahu,4,2
välja,5,2
abielus,7,2
huvide,6,2
otsida,6,2
kas,3,2
Inimõiguste,11,2
kättesaadav,11,2
alati,5,2
tasule,6,2
koos,4,2
igasuguse,9,2
vara,4,2
võrdsed,7,2
teistega,8,2
saa,3,2
muul,4,2
kordasaatmise,13,2
alusel,6,2
veendumustest,13,2
perioodiline,12,1
kihutamise,10,1
perre,5,1
kuulutuada,10,1
konstitutsiooniga,17,1
kombetalituste,14,1
efektiivsele,12,1
Neile,5,1
levitada,8,1
piires,6,1
südametunnistust,16,1
astuma,6,1
hirmu,5,1
kunsti,6,1
Seda,4,1
progressiivsete,15,1
kohtlemist,10,1
seisundis,9,1
rahvusvaheli,12,1
julma,5,1
rassilise,9,1
olgu,4,1
Täisealiseks,12,1
meestel,7,1
progressile,11,1
koostöös,8,1
säilitamiseks,13,1
diskrimineerimiseta,19,1
teo,3,1
materiaalsete,13,1
vajalik,7,1
muudest,7,1
tunnustamine,12,1
teha,4,1
järgi,5,1
usuliste,8,1
teaduslikest,12,1
suveräänsuses,13,1
struktuurile,12,1
tasutav,7,1
esindajate,10,1
vaid,4,1
elatustasemele,14,1
hariduse,8,1
teiste,6,1
valitud,7,1
alla,4,1
tervise,7,1
enda,4,1
üldisele,8,1
õigusliku,9,1
eesmärkide,10,1
inimõigustest,13,1
põhjendatuse,12,1
samuti,6,1
aluseks,7,1
kinnitanud,10,1
ametühingutesse,15,1
suunatud,8,1
kultuuri,8,1
elukoht,7,1
olnud,5,1
üldhariduse,11,1
liikmeiks,9,1
valimisõiguse,13,1
meeste,6,1
lugupidamise,12,1
vahetult,8,1
vormides,8,1
inimväärilise,13,1
erapooletu,10,1
lühendamine,11,1
kinnipidamisele,15,1
abielluda,9,1
kuuluvad,8,1
kõiki,5,1
invaliidsuse,12,1
vahele,6,1
vahenditega,11,1
hooldusele,10,1
täitmist,8,1
avalikul,8,1
valitsemisest,13,1
vabaks,6,1
osaks,5,1
kandma,6,1
Kõigil,6,1
selleks,7,1
panus,5,1
inimõigusi,10,1
kuriteo,7,1
saada,5,1
perekonda,9,1
liikmel,7,1
nõutav,6,1
tõusma,6,1
vabale,6,1
kohustatud,10,1
orjuses,7,1
rikkumise,9,1
piiratud,8,1
põhiline,8,1
iseloomust,10,1
teaduse,7,1
kodumaale,9,1
pöörduda,8,1
sallivusele,11,1
valikul,7,1
kodumaa,7,1
nõudeid,7,1
Samuti,6,1
rahava,6,1
annavad,7,1
valikule,8,1
tagama,6,1
hoidmiseks,10,1
haridustööga,12,1
esitatud,8,1
kohtulikul,10,1
ideid,5,1
nahavärvusest,13,1
isiksuse,8,1
tegevust,8,1
suhete,6,1
suurendamisele,14,1
arutamisel,10,1
rahvusvaheliste,15,1
liikuda,7,1
täielikul,9,1
arstiabi,8,1
Lisaks,6,1
antud,5,1
määratlemiseks,14,1
koostöö,7,1
sõnavabadus,11,1
millisel,8,1
kodakondusele,13,1
õiglasele,9,1
põlastamine,11,1
sotsiaalkindlustuse,19,1
vastu,5,1
salajase,8,1
perekonnale,11,1
süüdi,5,1
viibiks,7,1
abinõuna,8,1
piinamisi,9,1
omamisele,9,1
viisil,6,1
astumise,8,1
töötajal,8,1
järgides,8,1
segada,6,1
sündinud,8,1
aja,3,1
käesolevas,10,1
luua,4,1
korraldusele,12,1
Valitsuse,9,1
rahvusliku,10,1
täiendatakse,12,1
õigustelt,9,1
raskemat,8,1
need,4,1
viimase,7,1
alg-,4,1
kirjandusteostest,17,1
lastele,7,1
saabumise,9,1
deklaratsiooni,14,1
seisundist,10,1
põhivabadustest,15,1
muuta,5,1
rõhumise,8,1
täitmiseks,10,1
kujul,5,1
isiklikku,9,1
seisundi,8,1
alal,4,1
üles,4,1
põhivabaduste,13,1
sundida,7,1
maades,6,1
kuni,4,1
selliste,8,1
väljaspool,10,1
pagendada,9,1
tarvitse,8,1
orjus,5,1
ollakse,7,1
haridus,7,1
kohaldada,9,1
sellise,7,1
võib,4,1
elatuse,7,1
käesolevaga,11,1
põhiõiguste,11,1
kaitse,6,1
korteripuutumatust,18,1
missuguse,9,1
perekonnaellu,13,1
usu,3,1
ennistamisele,13,1
õiglastele,10,1
vanaduse,8,1
tööle,5,1
olla,4,1
vabatahtlikul,13,1
sõlmida,7,1
rassist,7,1
dekl,4,1
jurisdiktsiooni,15,1
seadusega,9,1
tagakiusu,9,1
liikmete,8,1
Organisatsiooniga,17,1
endast,6,1
inimestest,10,1
kohtu,5,1
vaba,4,1
diskrimineerimisele,19,1
nautida,7,1
saama,5,1
riigiteenistusse,16,1
kuriteod,8,1
johtuvad,8,1
varanduslikust,14,1
töötingimustele,15,1
laste,5,1
väärikust,9,1
perioodislistes,15,1
tegelikult,10,1
keelatud,8,1
võimetele,9,1
rahvuse,7,1
vajalike,8,1
valimistes,10,1
puhul,5,1
abielluva,9,1
rassi,5,1
alus,4,1
sõbralike,9,1
viinud,6,1
tuleneb,7,1
usulisest,9,1
elatusvahenditest,17,1
nendest,7,1
neil,4,1
ühesugune,9,1
puhkus,6,1
kutseharidus,12,1
rahvad,6,1
rahvusvahelisele,16,1
vaadataks,9,1
tööpäeva,8,1
territooriumide,15,1
hülgamine,9,1
liikmesriigid,13,1
Kõigile,7,1
hooldusalune,12,1
asi,3,1
osas,4,1
arenemiseks,11,1
riigid,6,1
täielikuks,10,1
rahvuskohtute,13,1
avaldamisele,12,1
kindlakstegemiseks,18,1
rahavaste,9,1
seaduslikus,11,1
kaitstud,8,1
territooriumi,13,1
juhul,5,1
poliitilisest,13,1
teost,5,1
kitsendusteta,13,1
isikupuutumatusele,18,1
õpetuse,7,1
pääsule,7,1
korras,6,1
vajaduste,9,1
diskrimineerimise,17,1
rakuke,6,1
kompetentsete,13,1
ilmajäämise,11,1
teostamisele,12,1
heaolu,6,1
leiaksid,8,1
väljenduma,10,1
tuleb,5,1
talle,5,1
Iga,3,1
valida,6,1
au,2,1
Emadus,6,1
üllaks,6,1
Peaassamblee,12,1
lahutamise,10,1
vaja,4,1
Algharidus,10,1
täita,5,1
väärikusse,10,1
üldisel,7,1
milliselt,9,1
astuda,6,1
tunda,5,1
soodsatele,10,1
tunnustamist,12,1
poliitilise,11,1
seisuslikust,12,1
Abielu,6,1
rahvuslikust,12,1
tähtsus,7,1
toit,4,1
jõupingutustega,15,1
endale,6,1
moraalsete,10,1
töödest,7,1
vahenditele,11,1
religioossete,13,1
informatsiooni,14,1
õigusteta,9,1
abiellu,7,1
asutada,7,1
perekonna,9,1
põhimõtetega,12,1
kodanik,7,1
Vanematel,9,1
abile,5,1
põhikirjas,10,1
olemise,7,1
vahetegemiseta,14,1
puhkeajale,10,1
ülesande,8,1
sunnitud,8,1
rühmituste,10,1
üldist,6,1
võrdõiguslikkusesse,19,1
Rahavaste,9,1
millisesse,10,1
ebainimlikku,12,1
loetakse,8,1
juures,6,1
süülisuse,9,1
tunnustamisele,14,1
vajaduse,8,1
eraviisiliselt,14,1
tal,3,1
Pidades,7,1
eesõigus,8,1
sõprusele,9,1
vendluse,8,1
võimu,5,1
vajadust,8,1
seda,4,1
jälitamise,10,1
kodakondsuse,12,1
rahavad,7,1
saanud,6,1
võinud,6,1
suur,4,1
loomulik,8,1
arusaamisel,11,1
vähemalt,8,1
mõlema,6,1
territoorium,12,1
mittepoliitilisest,18,1
sotsiaalsest,12,1
soost,5,1
ülddeklaratsiooni,17,1
samatähenduslikes,17,1
päritolust,10,1
säilitamisel,12,1
korter,6,1
riietus,7,1
üksteisesse,11,1
reputatsiooni,13,1
otsustanud,10,1
takistamatult,13,1
rahumeelse,10,1
põhiõigustesse,14,1
teda,4,1
muust,5,1
sealhulgas,10,1
lahkuda,7,1
sõltumata,9,1
liitumise,9,1
kirjavahetuse,13,1
majanduslikul,13,1
usuvabadusele,13,1
piinavad,8,1
orjakaubandus,13,1
Perekond,8,1
kohustuslik,11,1
parandamisele,13,1
selgitus-,9,1
naistel,7,1
õigussubjektsuse,16,1
kõrgem,6,1
vaim,4,1
tegevusetuse,12,1
kellegi,7,1
efektiivset,11,1
püüdluseks,10,1
vahet,5,1
poole,5,1
süütuks,7,1
ega,3,1
elule,5,1
viia,4,1
mõista,6,1
põhjustel,9,1
Tehniline,9,1
mõistlik,8,1
maalt,5,1
südametunnistuse,16,1
võõrandamatute,14,1
Preambula,9,1
maailma,7,1
süüdistataval,13,1
haridusele,10,1
võrdsetena,10,1
määrida,7,1
tagasi,6,1
kriminaalsüüdistuste,20,1
ametühinguid,12,1
riigipiirist,12,1
kuriteost,9,1
vahistada,9,1
organisatsiooni,15,1
Neil,4,1
olevate,7,1
sellest,7,1
ühiskondlik,11,1
vabaduste,9,1
suurema,7,1
muutmise,8,1
haiguse,7,1
tasuta,6,1
mõistmisele,11,1
inimese,7,1
lesestumise,11,1
määrata,7,1
vahelesegamiste,15,1
elutingimuste,13,1
mõtte-,6,1
naiste,6,1
saladust,8,1
teel,4,1
jumalateenistuse,16,1
võimalused,10,1
suhtumist,9,1
võim,4,1
rikkumiste,10,1
mõistus,7,1
väärikuselt,11,1
teenindamine,12,1
erilisele,9,1
loomine,7,1
puudust,7,1
sünnivad,8,1
nõusolekul,10,1
täieliku,8,1
anda,4,1
hüvesid,7,1
assotsiatsiooni,15,1
kindlakstegemiseni,18,1
sotsiaalsel,11,1
barbaarsusteni,14,1
rituaalsete,11,1
soodustama,10,1
rakendada,9,1
südametunnistus,15,1
kogunemise,10,1
igaühe,6,1
võltsimata,10,1
tagab,5,1
autoriks,8,1
vastastikusele,14,1
väärtusse,9,1
ülddeklaratsioon,16,1
alandavat,9,1
kunsti-,7,1
kultuurielust,13,1
mõne,4,1
tagavad,7,1
kuulutab,8,1
vabadena,8,1
organ,5,1
täielikule,10,1
türannia,8,1
rahuldavale,11,1
püüdma,6,1
ühinenud,8,1
käesolevat,10,1
väikelapseiga,13,1
veetmisele,10,1
kodakondsust,12,1
