Token,Length,Frequency
i,1,78
do,2,42
prawo,5,35
w,1,32
ma,2,27
Artykuł,7,26
Każdy,5,25
człowiek,8,24
lub,3,21
na,2,15
z,1,14
jego,4,13
wolności,8,12
jest,4,11
się,3,11
praw,4,10
oraz,4,9
nie,3,8
Nie,3,8
wolno,5,8
że,2,8
to,2,7
ochrony,7,7
o,1,7
ZWAŻYWSZY,9,7
prawa,5,7
człowieka,9,6
bez,3,6
pracy,5,5
wyznania,8,5
względu,7,5
wszystkich,10,5
za,2,5
kraju,5,5
nikogo,6,5
ani,3,5
od,2,5
aby,3,5
samowolnie,10,4
Państwa,7,4
przestępstwa,12,4
konieczne,9,4
mają,4,4
prawnej,7,4
godności,8,4
dla,3,4
swych,5,4
równości,8,3
obywatelstwa,12,3
ludzie,6,3
ludzkiej,8,3
jakiekolwiek,12,3
społeczeństwa,13,3
Deklarację,10,3
być,3,3
jednakowej,10,3
swobodnego,10,3
swej,4,3
są,2,3
posiadania,10,3
podstawowych,12,3
Praw,4,3
wszystkie,9,3
przeciw,7,3
swobodę,7,3
przed,5,3
przez,5,3
narodów,7,3
jak,3,3
Wszyscy,7,3
różnice,7,3
włączając,9,3
innymi,6,3
życia,5,3
sposób,6,3
świata,6,3
osobowości,10,3
mu,2,3
zarówno,7,3
poprzez,7,3
jako,4,3
Deklaracji,10,3
Człowieka,9,3
też,3,2
środków,7,2
Zjednoczonych,13,2
zawodowych,10,2
wśród,5,2
popełnienia,11,2
zmiany,6,2
społecznej,10,2
poglądów,8,2
ludzkości,9,2
związków,8,2
ich,3,2
rasy,4,2
Nikogo,6,2
podczas,7,2
własności,9,2
równi,5,2
razie,5,2
uznanie,7,2
Powszechną,10,2
we,2,2
bądź,4,2
sumieniem,9,2
małżeństwa,10,2
rozwoju,7,2
może,4,2
publicznie,10,2
warunków,8,2
poszanowania,12,2
kraj,4,2
zawarte,7,2
tych,4,2
cel,3,2
chwili,6,2
Narodów,7,2
niego,5,2
niezależny,10,2
po,2,2
społecznych,11,2
ONZ,3,2
społecznego,11,2
powodu,6,2
wiary,5,2
godność,7,2
czy,3,2
jakikolwiek,11,2
przestrzeganie,14,2
swoją,5,2
ta,2,2
zgodnie,7,2
opinii,6,2
niniejszej,10,2
wolność,7,2
zapewniającej,13,2
niniejszą,9,2
swego,5,2
rodziny,7,2
zależności,10,2
władzy,6,2
między,6,2
różnicy,7,2
oni,3,2
którym,6,2
wyboru,6,2
swobodnie,9,2
Nauka,5,2
wespół,6,2
wobec,5,2
popełnienie,11,2
podstawą,8,2
powszechne,10,2
korzystać,9,2
czynić,6,2
można,5,2
obejmuje,8,2
pozbawiać,9,2
swym,4,2
każdego,7,2
środkami,8,2
narodowości,11,2
innych,6,2
zasadzie,8,2
pomocy,6,2
nauczania,9,2
zamieszkujących,15,1
ograniczony,11,1
spokojnego,10,1
niemu,5,1
przystępowania,14,1
prawach,7,1
przedstawicieli,15,1
obdarzeni,9,1
pod,3,1
współpracy,10,1
socjalne,8,1
Przetłumaczona,14,1
większej,8,1
stosowanie,10,1
dobremu,7,1
niewolnictwo,12,1
przynależy,10,1
osoba,5,1
urlopy,6,1
dostępu,7,1
kobiety,7,1
wszystkimi,10,1
indywidualnie,13,1
starości,8,1
bezpłatna,9,1
jednakowe,9,1
przeciwko,9,1
podstawową,10,1
gospodarczych,13,1
podstawowe,10,1
wszędzie,8,1
Państw,6,1
czynom,6,1
Uroczyście,10,1
niż,3,1
którego,7,1
ludźmi,6,1
środki,6,1
zasobami,8,1
niewolnikiem,12,1
go,2,1
koloru,6,1
rządzi,6,1
ludu,4,1
służebności,11,1
krajowego,9,1
uwłaczać,8,1
zapewniono,10,1
takiego,7,1
ponadto,7,1
wyraża,6,1
także,5,1
informacji,10,1
opuścić,7,1
wyższej,7,1
mężczyzn,8,1
setek,5,1
niezbędnych,11,1
wszczętego,10,1
powinni,7,1
zapewniającego,14,1
Dokument,8,1
przypadku,9,1
dziecko,7,1
wypadek,7,1
przeprowadzanych,16,1
kultu,5,1
rozwijania,10,1
DEKLARACJA,10,1
drodze,6,1
życie,5,1
równą,5,1
przewidziana,12,1
międzynarodową,14,1
bezrobociem,11,1
odniesieniu,11,1
barbarzyństwa,13,1
azyl,4,1
jednostki,9,1
imieniu,7,1
zasadności,10,1
krajem,6,1
przyrodzonej,12,1
równouprawnienie,16,1
uzupełnianego,13,1
największych,12,1
obszary,7,1
poruszania,10,1
pracj,5,1
zapewniły,9,1
posiada,7,1
ingerować,9,1
przyznanych,11,1
ten,3,1
przynajmniej,12,1
Mają,4,1
ograniczenie,12,1
Powszechna,10,1
postępu,7,1
wstrząsnęły,11,1
zdecydowanie,12,1
Sesja,5,1
urodzenia,9,1
niezdolności,12,1
n,1,1
celami,6,1
odmawiać,8,1
względem,8,1
Paryżu,6,1
PRAW,4,1
studia,6,1
uczestniczenia,14,1
uwłaczaniu,10,1
wyrażania,9,1
założenia,9,1
sąd,3,1
członek,7,1
niewątpliwie,12,1
poniżający,10,1
również,7,1
prywatnie,9,1
lat,3,1
nieludzki,9,1
strachu,7,1
ubezpieczeń,11,1
popierania,10,1
skazany,7,1
egzystencję,11,1
realizacji,10,1
wysuwanego,10,1
należenia,9,1
tworzenia,9,1
pełną,5,1
ZGROMADZENIE,12,1
stanu,5,1
odpowiedniego,13,1
CZŁOWIEKA,9,1
organizacją,11,1
zamieszkania,12,1
sprawiedliwości,15,1
Trzecia,7,1
powszechnie,11,1
wielu,5,1
najwyższy,9,1
korzystają,10,1
oskarżony,9,1
podjęły,7,1
jakiejkolwiek,13,1
pospolitego,11,1
Organizacji,11,1
swe,3,1
Wola,4,1
prywatne,8,1
jej,3,1
wartość,7,1
techniczna,10,1
obszaru,7,1
nieprzestrzeganie,17,1
jednomyślnie,12,1
przywróciły,11,1
dostępna,8,1
otrzymywania,12,1
pamięci,7,1
rzetelnych,10,1
dążenie,7,1
poprawy,7,1
zbiera,6,1
zadowalającego,14,1
kobiet,6,1
uciskowi,8,1
nieposzanowanie,15,1
procesu,7,1
pogwałceniem,12,1
sprzecznego,11,1
jakiegoś,8,1
korespondencję,14,1
systemowi,9,1
torturować,10,1
trwania,7,1
zgromadzania,12,1
wychowywania,12,1
ze,2,1
uprawianie,10,1
międzynarodowej,15,1
bezstronny,10,1
wszyscy,7,1
majątku,7,1
większość,9,1
stanowi,7,1
rozumem,7,1
Deklaracja,10,1
ubiegać,7,1
pełnoletności,13,1
uznawania,9,1
opartych,8,1
osobistych,10,1
pełny,5,1
karać,5,1
dokonania,9,1
swą,3,1
procedurze,10,1
prześladowania,14,1
zdrowie,7,1
skończoną,9,1
społeczeŃstwa,13,1
zatrzymać,9,1
stopniu,7,1
jedno,5,1
zakazane,8,1
Celem,5,1
odwoływania,11,1
własny,6,1
zawarcia,8,1
granice,7,1
oskarżenia,10,1
podstawowym,11,1
krajowym,8,1
interesów,9,1
zrozumienie,11,1
POWSZECHNA,10,1
dzieci,6,1
narodami,8,1
rozstrzyganiu,13,1
małżeńskie,10,1
uciekać,7,1
rządzeniu,9,1
roku,4,1
powrócić,8,1
sumienia,8,1
obrony,6,1
mając,5,1
postępować,10,1
bezpośrednio,12,1
Nikt,4,1
przepisami,10,1
czyjekolwiek,12,1
walkę,5,1
okrutny,7,1
grudnia,7,1
podległe,8,1
jedynie,7,1
prawem,6,1
Wszystkie,9,1
Preamble,8,1
wyżywienie,10,1
tyranii,7,1
udowodni,8,1
dopóty,6,1
duchu,5,1
wiarę,5,1
płacy,5,1
buntu,5,1
osoby,5,1
wola,4,1
niepodległości,14,1
wynagrodzenia,13,1
aresztować,10,1
domowe,6,1
pozamałżeńskie,14,1
ogłoszono,9,1
równej,6,1
stanowiącego,12,1
jakimkolwiek,12,1
honorowi,8,1
olbrzymie,9,1
myśli,5,1
uchwaliła,9,1
sam,3,1
jakiegokolwiek,14,1
nauki,5,1
równorzędnej,12,1
postulaty,9,1
osiągnięcia,11,1
doprowadzony,12,1
obyczajów,9,1
rozpowszechniania,17,1
porządkuje,10,1
zalet,5,1
politycznej,11,1
rodzinie,8,1
Członkowskie,12,1
pochodzenia,11,1
Oświata,7,1
ugruntowanie,12,1
osiągnięć,9,1
zaniechania,11,1
pogwałcenie,11,1
pokoju,6,1
potrzeby,8,1
ustaniu,7,1
Ogłasza,7,1
politycznych,12,1
niezbywalnych,13,1
jakąkolwiek,11,1
wygnać,6,1
najwznioślejszy,15,1
takiej,6,1
wyrażoną,8,1
wyższe,6,1
swój,4,1
dyskryminacją,13,1
mieszkanie,10,1
odzież,6,1
dostępne,8,1
przyjaźń,8,1
pomocą,6,1
zadowalających,14,1
członków,8,1
równych,7,1
płci,4,1
strony,6,1
organy,6,1
które,5,1
zawierania,10,1
przekonań,9,1
a,1,1
toczy,5,1
utraty,6,1
ostateczności,13,1
wolni,5,1
podstawowa,10,1
sądów,5,1
PRZETO,6,1
opiekj,6,1
współpracę,10,1
musiał,6,1
obszar,6,1
dążyły,6,1
uznawano,8,1
zawodowa,8,1
wysiłek,7,1
wyborach,8,1
skuteczne,9,1
będą,4,1
zbudowania,10,1
życiowej,8,1
działania,9,1
stanowiącym,11,1
doprowadziło,12,1
znaczenie,9,1
przyjaznych,11,1
wypoczynku,10,1
była,4,1
stosunków,9,1
dany,4,1
języków,7,1
rozsądne,8,1
uroczyście,10,1
okresowo,8,1
przyszłych,10,1
małżonków,9,1
dobrobyt,8,1
Narody,6,1
który,5,1
która,5,1
międzynarodowym,15,1
międzynarodowego,16,1
rodzinne,8,1
ścigania,8,1
tej,3,1
samodzielnie,12,1
równego,7,1
nikomu,6,1
powoływać,9,1
wymierzać,9,1
opieki,6,1
Członkowskich,13,1
poszanowanie,12,1
czynu,5,1
przy,4,1
aktów,5,1
według,6,1
stowarzyszenia,14,1
wyborów,7,1
Rodzina,7,1
inny,4,1
rzeczywiście,12,1
stopy,5,1
praktykowanie,13,1
przestjpstwa,12,1
zasięgu,7,1
kompetentnych,13,1
kary,4,1
bezrobocia,10,1
narażeniem,10,1
powiernictwa,12,1
nakładać,8,1
tajności,8,1
traktować,9,1
zasadami,8,1
nauczanie,9,1
obradująca,10,1
rozumienie,10,1
niezależnej,11,1
krajowych,9,1
słuchanym,9,1
Krzewi,6,1
Ogólnego,8,1
godzin,6,1
płatne,6,1
stale,5,1
osiągnięciu,11,1
OGÓLNE,6,1
warunkach,9,1
powszechności,13,1
nędzy,5,1
odpowiadającą,13,1
miejsca,7,1
taką,4,1
obowiązkowa,11,1
narodowy,8,1
dopóki,6,1
specjalnej,10,1
wspólny,7,1
żadnej,6,1
konstytucję,11,1
innej,5,1
publicznego,11,1
urzeczywistniania,17,1
bezpieczeństwa,14,1
Organizacją,11,1
popieranie,10,1
kulturalnych,12,1
stowarzyszania,14,1
rozwój,6,1
dana,4,1
zapewnić,8,1
zgodą,5,1
niepodległy,11,1
języka,6,1
najtrwalszych,13,1
dyskryminację,13,1
niewinnego,10,1
podlega,7,1
innego,6,1
wdowieństwa,11,1
tolerancję,10,1
okresowe,8,1
Są,2,1
świadczenia,11,1
służby,6,1
wyraziły,8,1
naturalną,9,1
lekarską,8,1
komórką,7,1
publicznej,10,1
Mężczyźni,9,1
winy,4,1
postaciach,10,1
wspólnoty,9,1
jeszcze,7,1
jemu,4,1
rządu,5,1
Matka,5,1
wybranych,9,1
całkowitej,10,1
innym,5,1
pełnej,6,1
zobowiązaniach,14,1
głoszenia,9,1
odpowiednich,12,1
niewolnikami,12,1
Zgromadzenia,12,1
sprawiedliwie,13,1
przestępstwo,12,1
poszukiwania,12,1
braterstwa,10,1
Zjednoczone,11,1
ingerencji,10,1
wszelkimi,9,1
handel,6,1
będącą,6,1
równe,5,1
granicach,9,1
choroby,7,1
słowa,5,1
zmuszać,7,1
urlopu,6,1
ubezpieczenia,13,1
postępowych,11,1
skutecznego,11,1
ludów,5,1
zawarowanie,11,1
Małżeństwo,10,1
pracujący,9,1
ono,3,1
sytuacji,8,1
rodzą,5,1
